{
  "name": "jstree",
  "version": "3.2.1",
  "main": [
    "./dist/jstree.js",
    "./dist/themes/default/style.css"
  ],
  "ignore": [
    "**/.*",
    "docs",
    "demo",
    "libs",
    "node_modules",
    "test",
    "libs",
    "jstree.jquery.json",
    "gruntfile.js",
    "package.json",
    "bower.json",
    "component.json",
    "LICENCE-MIT",
    "README.md"
  ],
  "dependencies": {
    "jquery": ">=1.9.1"
  },
  "keywords": [
    "ui",
    "tree",
    "jstree"
  ],
  "homepage": "https://github.com/vakata/jstree",
  "_release": "3.2.1",
  "_resolution": {
    "type": "version",
    "tag": "3.2.1",
    "commit": "8ea6ce78bba5fefe4c3233844cbcb22b12826b31"
  },
  "_source": "https://github.com/vakata/jstree.git",
  "_target": "~3.2.1",
  "_originalSource": "jstree"
}