{
  "name": "jQuery.dotdotdot",
  "main": "src/jquery.dotdotdot.min.umd.js",
  "version": "1.7.4",
  "homepage": "http://dotdotdot.frebsite.nl/",
  "authors": [
    "Fred Heusschen <info@frebsite.nl>"
  ],
  "description": "A jQuery plugin for advanced cross-browser ellipsis on multiple line content.",
  "keywords": [
    "ellipsis",
    "dotdotdot",
    "multiline",
    "text",
    "text-overflow",
    "overflow",
    "dots"
  ],
  "ignore": [
    ".jshintrc",
    "Guardfile",
    "index.html",
    "*.json",
    "README.md"
  ],
  "dependencies": {
    "jquery": ">= 1.4.3"
  },
  "_release": "1.7.4",
  "_resolution": {
    "type": "version",
    "tag": "v1.7.4",
    "commit": "a4e7172e57994c2c2c5e456c943d2281eb6f7332"
  },
  "_source": "https://github.com/BeSite/jQuery.dotdotdot.git",
  "_target": "~1.7.4",
  "_originalSource": "jQuery.dotdotdot"
}