{
    "name": "footable",
    "repo": "fooplugins/footable",
    "description": "jQuery plugin to make HTML tables responsive",
    "version": "2.0.1.5",
    "keywords": [
        "table",
        "responsive"
    ],
    "dependencies": {
        "component/jquery": ">=1.4.4"
    },
    "license": "MIT",
    "main": "js/footable.js",
    "scripts": [
        "js/footable.js",
        "js/footable.filter.js",
        "js/footable.paginate.js",
        "js/footable.sort.js"
    ],
    "styles": [
        "css/footable.standalone.css",
        "css/footable.paginate.css",
        "css/footable.metro.css",
        "css/footable.css"
    ]
}