{
    "name": "footable",
    "title": "FooTable",
    "description": "jQuery plugin to make HTML tables responsive",
    "keywords": [
        "table",
        "responsive"
    ],
    "version": "2.0.1.5",
    "author": {
        "name": "FooPlugins",
        "url": "http://fooplugins.com"
    },
    "maintainers": [
        {
            "name": "Steven Usher",
            "email": "steveush@gmail.com"
        },
        {
            "name": "Brad Vincent",
            "email": "bradvin@gmail.com",
            "url": "http://themergency.com"
        }
    ],
    "licenses": [
        {
            "type": "MIT",
            "url": "https://github.com/bradvin/FooTable/blob/master/LICENSE"
        }
    ],
    "bugs": "https://github.com/bradvin/FooTable/issues",
    "homepage": "http://themergency.com/footable/",
    "docs": "https://github.com/bradvin/FooTable",
    "download": "https://github.com/bradvin/FooTable/archive/master.zip",
    "dependencies": {
        "jquery": ">=1.4.4"
    }
}