{
  "name": "jquery-knob",
  "version": "1.2.13",
  "main": "js/jquery.knob.js",
  "description": "Nice, downward compatible, touchable, jQuery dial.",
  "license": "MIT",
  "ignore": [],
  "dependencies": {
    "jquery": ">=1.7.0"
  },
  "devDependencies": {},
  "homepage": "https://github.com/aterrien/jQuery-Knob",
  "_release": "1.2.13",
  "_resolution": {
    "type": "version",
    "tag": "1.2.13",
    "commit": "755309e933d326ffaa5a2d758dc377147b766515"
  },
  "_source": "https://github.com/aterrien/jQuery-Knob.git",
  "_target": "~1.2.13",
  "_originalSource": "jknob"
}